                  epoch,         train/box_loss,         train/cls_loss,         train/dfl_loss,   metrics/precision(B),      metrics/recall(B),       metrics/mAP50(B),    metrics/mAP50-95(B),           val/box_loss,           val/cls_loss,           val/dfl_loss,                 lr/pg0,                 lr/pg1,                 lr/pg2
                      1,                 2.3418,                   2.82,                 1.7913,                0.00319,                0.09178,                0.00206,                0.00065,                 3.3939,                 3.8379,                 3.0454,                0.00032,                0.00032,                0.00032
                      2,                 1.5023,                 1.2971,                 1.1905,                0.00593,                0.17076,                0.00985,                0.00431,                 3.4756,                 3.8923,                 2.9153,             0.00065406,             0.00065406,             0.00065406
                      3,                 1.2994,                0.98936,                 1.0706,                0.78614,                0.35219,                0.45474,                0.25644,                 1.7213,                 2.5583,                 1.5111,               0.000982,               0.000982,               0.000982
                      4,                 1.2084,                0.88232,                 1.0298,                0.82963,                0.76948,                0.84337,                0.54973,                 1.2335,                 1.2422,                 1.0777,              0.0013038,              0.0013038,              0.0013038
